<?xml version="1.0"?>
<doc>
    <assembly>
        <name>MegaGyn.Domain</name>
    </assembly>
    <members>
        <member name="T:MegaGyn.Domain.Aluno">
            <summary>
            Essa é uma classe que representa um aluno
            </summary>
        </member>
        <member name="P:MegaGyn.Domain.Aluno.Id">
            <summary>
            Identificador da classe
            </summary> 
        </member>
        <member name="P:MegaGyn.Domain.Aluno.Nome">
            <summary>
            Nome do aluno
            </summary> 
        </member>
        <member name="P:MegaGyn.Domain.Aluno.IdTreino">
            <summary>
            Id do treino
            </summary> 
        </member>
        <member name="P:MegaGyn.Domain.Aluno.Treinos">
            <summary>
            Lista com os treinos do aluno
            </summary> 
        </member>
        <member name="M:MegaGyn.Domain.Aluno.ToString">
            <summary>
            Metodo para imprimir as informações do aluno
            </summary> 
        </member>
        <member name="T:MegaGyn.Domain.Exercicio">
            <summary>
            Essa é uma classe que representa um exercicio
            </summary>
        </member>
        <member name="P:MegaGyn.Domain.Exercicio.Id">
            <summary>
            Identificador da classe
            </summary> 
        </member>
        <member name="P:MegaGyn.Domain.Exercicio.NomeDoExercicio">
            <summary>
            Nome do exercicio
            </summary>
        </member>
        <member name="P:MegaGyn.Domain.Exercicio.Series">
            <summary>
            Numero de series do exercicio
            </summary>
        </member>
        <member name="P:MegaGyn.Domain.Exercicio.Repeticoes">
            <summary>
            Numero de repetições de cada serie
            </summary>
        </member>
        <member name="M:MegaGyn.Domain.Exercicio.ToString">
            <summary>
            Metodo para imprimir as informações do objeto 
            </summary>
        </member>
        <member name="T:MegaGyn.Domain.Repostories.IAlunoRepository">
            <summary>
            Interface para o repositório de alunos.
            </summary>
        </member>
        <member name="M:MegaGyn.Domain.Repostories.IAlunoRepository.Adicionar(MegaGyn.Domain.Aluno)">
            <summary>
            Adiciona um novo aluno.
            </summary>
            <param name="aluno">O aluno a ser adicionado.</param>
        </member>
        <member name="M:MegaGyn.Domain.Repostories.IAlunoRepository.Atualizar(System.Int32)">
            <summary>
            Atualiza as informações de um aluno.
            </summary>
            <param name="id">O ID do aluno a ser atualizado.</param>
        </member>
        <member name="M:MegaGyn.Domain.Repostories.IAlunoRepository.Deletar(System.Int32)">
            <summary>
            Deleta um aluno pelo ID.
            </summary>
            <param name="id">O ID do aluno a ser deletado.</param>
        </member>
        <member name="M:MegaGyn.Domain.Repostories.IAlunoRepository.BuscarTodos">
            <summary>
            Busca todos os alunos.
            </summary>
            <returns>Uma lista de todos os alunos.</returns>
        </member>
        <member name="M:MegaGyn.Domain.Repostories.IAlunoRepository.BuscarPorId(System.Int32)">
            <summary>
            Busca um aluno pelo ID.
            </summary>
            <param name="id">O ID do aluno a ser buscado.</param>
            <returns>O aluno encontrado.</returns>
        </member>
        <member name="T:MegaGyn.Domain.Repostories.IExercicioRepository">
            <summary>
            Interface para o repositório de exercicios.
            </summary>
        </member>
        <member name="M:MegaGyn.Domain.Repostories.IExercicioRepository.Adicionar(MegaGyn.Domain.Exercicio)">
            <summary>
            Adiciona um novo exercício.
            </summary>
            <param name="exercicio">O exercício a ser adicionado.</param>
        </member>
        <member name="M:MegaGyn.Domain.Repostories.IExercicioRepository.Atualizar(System.Int32)">
            <summary>
            Atualiza as informações de um exercício.
            </summary>
            <param name="id">O ID do exercício a ser atualizado.</param>
        </member>
        <member name="M:MegaGyn.Domain.Repostories.IExercicioRepository.Deletar(System.Int32)">
            <summary>
            Deleta um exercício pelo ID.
            </summary>
            <param name="id">O ID do exercício a ser deletado.</param>
        </member>
        <member name="M:MegaGyn.Domain.Repostories.IExercicioRepository.BuscarTodos">
            <summary>
            Busca todos os exercícios.
            </summary>
            <returns>Uma lista de todos os exercícios.</returns>
        </member>
        <member name="M:MegaGyn.Domain.Repostories.IExercicioRepository.BuscarPorId(System.Int32)">
            <summary>
            Busca um exercício pelo ID.
            </summary>
            <param name="id">O ID do exercício a ser buscado.</param>
            <returns>O exercício encontrado.</returns>
        </member>
        <member name="T:MegaGyn.Domain.Repostories.ITreinoRepository">
            <summary>
            Interface para o repositório de treinos.
            </summary>
        </member>
        <member name="M:MegaGyn.Domain.Repostories.ITreinoRepository.Adicionar(MegaGyn.Domain.Treino)">
            <summary>
            Adiciona um novo treino.
            </summary>
            <param name="treino">O treino a ser adicionado.</param>
        </member>
        <member name="M:MegaGyn.Domain.Repostories.ITreinoRepository.Atualizar(System.Int32)">
            <summary>
            Atualiza as informações de um treino.
            </summary>
            <param name="id">O ID do treino a ser atualizado.</param>
        </member>
        <member name="M:MegaGyn.Domain.Repostories.ITreinoRepository.Deletar(System.Int32)">
            <summary>
            Deleta um treino pelo ID.
            </summary>
            <param name="id">O ID do treino a ser deletado.</param>
        </member>
        <member name="M:MegaGyn.Domain.Repostories.ITreinoRepository.BuscarTodos">
            <summary>
            Busca todos os treinos.
            </summary>
            <returns>Uma lista de todos os treinos.</returns>
        </member>
        <member name="M:MegaGyn.Domain.Repostories.ITreinoRepository.BuscarPorId(System.Int32)">
            <summary>
            Busca um treino pelo ID.
            </summary>
            <param name="id">O ID do treino a ser buscado.</param>
            <returns>O treino encontrado.</returns>
        </member>
        <member name="T:MegaGyn.Domain.Treino">
            <summary>
            Essa é uma classe que representa um treino
            </summary>
        </member>
        <member name="P:MegaGyn.Domain.Treino.Id">
            <summary>
            Identificador da classe
            </summary> 
        </member>
        <member name="P:MegaGyn.Domain.Treino.NomeDoTreino">
            <summary>
            Nome do treino
            </summary> 
        </member>
        <member name="P:MegaGyn.Domain.Treino.IdExercicio">
            <summary>
            Id do exercicio
            </summary> 
        </member>
        <member name="P:MegaGyn.Domain.Treino.Exercicios">
            <summary>
            Lista com os exercicios do treino
            </summary>
        </member>
        <member name="M:MegaGyn.Domain.Treino.ToString">
            <summary>
            Metodo para imprimir as informações do treino
            </summary> 
        </member>
    </members>
</doc>
